2021-06-20 04:00:00,2
2021-06-20 06:00:00,3
2021-06-20 14:00:00,4
2021-06-20 15:00:00,6
2021-06-20 16:00:00,8
2021-06-20 17:00:00,9
2021-06-20 18:00:00,10
2021-06-20 19:00:00,13
2021-06-20 21:00:00,15
2021-06-20 22:00:00,16
2021-06-21 00:00:00,18
2021-06-21 01:00:00,21
2021-06-21 02:00:00,22
2021-06-21 04:00:00,24
2021-06-21 05:00:00,25
2021-06-21 06:00:00,27
2021-06-21 07:00:00,28
2021-06-21 09:00:00,29
2021-06-21 10:00:00,30
2021-06-21 11:00:00,31
2021-06-21 12:00:00,32
2021-06-21 13:00:00,35
2021-06-21 14:00:00,37
2021-06-21 16:00:00,38
2021-06-21 18:00:00,39
2021-06-21 19:00:00,41
2021-06-21 21:00:00,42
2021-06-21 22:00:00,43
2021-06-22 03:00:00,44
2021-06-22 08:00:00,45
2021-06-22 14:00:00,47
2021-06-22 15:00:00,48
2021-06-23 00:00:00,49
2021-06-23 11:00:00,50
2021-06-23 12:00:00,51
2021-06-23 16:00:00,53
2021-06-24 05:00:00,54
2021-06-24 07:00:00,55
2021-06-24 09:00:00,56
2021-06-24 18:00:00,57
2021-06-25 17:00:00,58
2021-06-25 19:00:00,59
2021-06-26 03:00:00,60
2021-06-26 08:00:00,61

